"","fish_id","bin","LLLL","LLLR","LLRL","LLRR","LRLL","LRLR","LRRL","LRRR","RLLL","RLLR","RLRL","RLRR","RRLL","RRLR","RRRL","RRRR","L","R","total_turns","reps","alts","rel_reps","rel_alts","rel_R","rel_L"
"1","1","1",60,17,18,4,17,4,4,1,17,5,3,1,5,0,1,1,128,33,161,61,7,37.888198757764,4.34782608695652,20.4968944099379,79.5031055900621
"2","1","2",40,13,13,3,12,3,7,0,12,3,2,4,4,3,0,0,93,29,122,40,5,32.7868852459016,4.0983606557377,23.7704918032787,76.2295081967213
"3","1","3",3,7,11,1,11,18,5,0,7,4,19,4,0,5,0,0,58,40,98,3,37,3.06122448979592,37.7551020408163,40.8163265306122,59.1836734693878
"4","1","4",3,8,9,1,9,18,4,0,8,3,18,3,2,3,0,0,54,38,92,3,36,3.26086956521739,39.1304347826087,41.304347826087,58.695652173913
"5","1","5",0,4,9,0,9,27,1,1,4,5,27,2,0,2,1,0,53,42,95,0,54,0,56.8421052631579,44.2105263157895,55.7894736842105
"6","1","6",5,10,15,1,15,21,2,0,10,6,20,1,2,0,0,0,71,40,111,5,41,4.5045045045045,36.9369369369369,36.036036036036,63.963963963964
"7","10","1",13,7,13,9,10,9,10,9,7,14,6,10,11,7,9,8,81,74,155,21,15,13.5483870967742,9.67741935483871,47.741935483871,52.258064516129
"8","10","2",19,12,16,5,14,13,6,2,12,9,11,3,7,1,2,0,89,46,135,19,24,14.0740740740741,17.7777777777778,34.0740740740741,65.9259259259259
"9","10","3",2,2,7,4,8,52,4,5,2,10,53,5,4,5,5,5,86,90,176,7,105,3.97727272727273,59.6590909090909,51.1363636363636,48.8636363636364
"10","10","4",22,9,14,4,13,32,6,0,8,9,32,2,4,2,0,0,102,58,160,22,64,13.75,40,36.25,63.75
"11","10","5",27,17,18,4,17,5,5,3,17,5,4,4,5,3,3,1,99,42,141,28,9,19.8581560283688,6.38297872340426,29.7872340425532,70.2127659574468
"12","10","6",23,8,10,5,10,7,8,3,7,7,7,6,5,6,3,1,76,43,119,24,14,20.1680672268908,11.7647058823529,36.1344537815126,63.8655462184874
"13","11","1",10,6,9,8,10,41,9,5,5,11,42,6,7,7,5,6,100,90,190,16,83,8.42105263157895,43.6842105263158,47.3684210526316,52.6315789473684
"14","11","2",2,7,10,6,11,22,4,6,7,9,23,4,5,4,5,10,68,70,138,12,45,8.69565217391304,32.6086956521739,50.7246376811594,49.2753623188406
"15","11","3",3,3,6,6,6,7,6,5,3,9,7,5,5,5,4,11,42,52,94,14,14,14.8936170212766,14.8936170212766,55.3191489361702,44.6808510638298
"16","11","4",1,3,2,5,3,3,4,6,3,4,4,6,3,7,6,12,28,47,75,13,7,17.3333333333333,9.33333333333333,62.6666666666667,37.3333333333333
"17","11","5",0,1,2,2,1,6,4,6,1,3,5,8,3,7,7,7,23,43,66,7,11,10.6060606060606,16.6666666666667,65.1515151515152,34.8484848484849
"18","11","6",3,3,3,1,1,4,1,5,3,2,2,5,4,3,6,6,23,32,55,9,6,16.3636363636364,10.9090909090909,58.1818181818182,41.8181818181818
"19","12","1",0,1,0,4,2,27,6,11,1,3,29,12,2,14,10,19,51,93,144,19,56,13.1944444444444,38.8888888888889,64.5833333333333,35.4166666666667
"20","12","2",1,1,2,1,1,29,4,5,1,2,28,8,2,7,5,14,45,69,114,15,57,13.1578947368421,50,60.5263157894737,39.4736842105263
"21","12","3",0,1,2,5,2,9,5,10,1,6,9,9,5,9,10,19,35,70,105,19,18,18.0952380952381,17.1428571428571,66.6666666666667,33.3333333333333
"22","12","4",0,3,0,3,1,4,3,12,3,0,4,12,2,12,11,19,26,66,92,19,8,20.6521739130435,8.69565217391304,71.7391304347826,28.2608695652174
"23","12","5",0,2,1,2,2,3,3,11,2,2,3,12,2,12,11,14,26,59,85,14,6,16.4705882352941,7.05882352941176,69.4117647058823,30.5882352941176
"24","12","6",1,1,5,2,1,22,9,5,1,6,19,12,6,9,6,6,48,66,114,7,41,6.14035087719298,35.9649122807018,57.8947368421053,42.1052631578947
"25","13","1",22,11,12,10,12,15,12,8,11,11,15,10,9,10,7,8,102,84,186,30,30,16.1290322580645,16.1290322580645,45.1612903225806,54.8387096774194
"26","13","2",42,14,16,4,17,7,7,0,15,6,8,3,4,4,0,0,110,40,150,42,15,28,10,26.6666666666667,73.3333333333333
"27","13","3",54,14,17,3,18,8,3,0,14,6,9,0,2,1,0,0,119,33,152,54,17,35.5263157894737,11.1842105263158,21.7105263157895,78.2894736842105
"28","13","4",58,7,11,3,10,5,4,1,8,7,4,2,5,1,1,0,102,28,130,58,9,44.6153846153846,6.92307692307692,21.5384615384615,78.4615384615385
"29","13","5",56,12,13,1,12,6,2,0,11,2,6,1,1,1,0,0,104,23,127,56,12,44.0944881889764,9.44881889763779,18.1102362204724,81.8897637795276
"30","13","6",56,11,16,0,15,5,3,0,11,5,4,3,1,2,0,0,109,26,135,56,9,41.4814814814815,6.66666666666667,19.2592592592593,80.7407407407407
"31","14","1",0,0,0,2,1,7,2,13,0,2,8,13,1,14,13,111,25,165,190,111,15,58.4210526315789,7.89473684210526,86.8421052631579,13.1578947368421
"32","14","2",3,4,3,8,4,3,7,14,4,6,4,13,6,15,14,40,47,104,151,43,7,28.476821192053,4.63576158940397,68.8741721854305,31.1258278145695
"33","14","3",4,6,5,7,3,3,3,11,5,7,1,7,9,5,11,24,44,70,114,28,4,24.5614035087719,3.50877192982456,61.4035087719298,38.5964912280702
"34","14","4",2,4,2,4,2,5,2,9,5,1,5,7,4,7,9,41,33,79,112,43,10,38.3928571428571,8.92857142857143,70.5357142857143,29.4642857142857
"35","14","5",0,1,3,1,1,4,1,10,1,3,2,10,3,8,10,41,21,81,102,41,6,40.1960784313725,5.88235294117647,79.4117647058823,20.5882352941176
"36","14","6",0,0,0,2,0,0,0,7,0,2,0,5,2,5,6,57,9,80,89,57,0,64.0449438202247,0,89.8876404494382,10.1123595505618
"37","15","1",20,8,4,8,3,3,8,5,7,4,2,5,8,4,4,14,59,51,110,34,5,30.9090909090909,4.54545454545455,46.3636363636364,53.6363636363636
"38","15","2",10,5,3,3,3,0,3,3,5,0,1,3,2,4,3,2,32,21,53,12,1,22.6415094339623,1.88679245283019,39.622641509434,60.377358490566
"39","15","3",5,4,6,6,7,2,2,8,5,8,3,4,5,5,8,3,43,41,84,8,5,9.52380952380952,5.95238095238095,48.8095238095238,51.1904761904762
"40","15","4",2,4,4,2,3,3,2,2,4,2,3,2,2,2,2,0,24,18,42,2,6,4.76190476190476,14.2857142857143,42.8571428571429,57.1428571428571
"41","15","5",3,3,3,1,3,2,0,1,3,1,2,0,1,0,1,0,18,9,27,3,4,11.1111111111111,14.8148148148148,33.3333333333333,66.6666666666667
"42","15","6",0,3,3,0,2,4,1,0,2,0,4,1,0,1,0,0,15,9,24,0,8,0,33.3333333333333,37.5,62.5
"43","16","1",1,3,3,8,4,12,12,15,3,8,12,19,7,19,15,30,59,115,174,31,24,17.816091954023,13.7931034482759,66.0919540229885,33.9080459770115
"44","16","2",1,3,4,8,8,19,8,11,3,9,23,11,4,14,11,13,63,90,153,14,42,9.15032679738562,27.4509803921569,58.8235294117647,41.1764705882353
"45","16","3",5,3,7,4,10,36,6,3,3,8,39,4,1,8,3,1,75,69,144,6,75,4.16666666666667,52.0833333333333,47.9166666666667,52.0833333333333
"46","16","4",1,1,3,1,4,42,4,2,1,3,43,5,0,6,2,4,59,66,125,5,85,4,68,52.8,47.2
"47","16","5",6,6,7,9,6,22,7,10,6,10,20,9,10,7,10,5,74,79,153,11,42,7.18954248366013,27.4509803921569,51.6339869281046,48.3660130718954
"48","16","6",8,7,8,6,6,13,13,5,6,7,12,12,7,11,5,12,68,73,141,20,25,14.1843971631206,17.7304964539007,51.7730496453901,48.2269503546099
"49","17","1",73,14,13,4,14,8,3,2,15,3,9,0,4,1,2,0,134,34,168,73,17,43.4523809523809,10.1190476190476,20.2380952380952,79.7619047619048
"50","17","2",35,10,11,1,8,18,7,0,9,2,16,6,3,4,0,0,92,41,133,35,34,26.3157894736842,25.5639097744361,30.8270676691729,69.1729323308271
"51","17","3",2,3,6,3,7,86,8,0,3,6,87,5,2,6,0,0,116,111,227,2,173,0.881057268722467,76.2114537444934,48.8986784140969,51.1013215859031
"52","17","4",2,1,4,2,2,67,27,1,2,5,64,26,5,23,1,0,109,126,235,2,131,0.851063829787234,55.7446808510638,53.6170212765957,46.3829787234043
"53","17","5",29,7,5,2,5,0,1,1,7,0,0,0,1,0,1,0,51,11,62,29,0,46.7741935483871,0,17.741935483871,82.258064516129
"54","17","6",0,0,0,0,0,0,0,0,0,0,0,0,0,0,0,0,0,0,0,0,0,NA,NA,NA,NA
"55","18","1",12,11,17,8,14,18,9,6,11,14,15,7,11,4,6,10,96,80,176,22,33,12.5,18.75,45.4545454545455,54.5454545454545
"56","18","2",4,4,11,2,11,100,3,1,4,9,100,2,2,2,1,0,138,121,259,4,200,1.54440154440154,77.2200772200772,46.7181467181467,53.2818532818533
"57","18","3",3,3,6,3,8,93,7,0,3,6,95,5,1,6,0,0,124,118,242,3,188,1.2396694214876,77.6859504132231,48.7603305785124,51.2396694214876
"58","18","4",8,6,7,7,9,21,7,5,6,8,24,5,5,7,5,1,72,62,134,9,45,6.71641791044776,33.5820895522388,46.2686567164179,53.7313432835821
"59","18","5",15,7,7,4,7,6,8,3,7,4,7,6,4,7,3,7,59,46,105,22,13,20.952380952381,12.3809523809524,43.8095238095238,56.1904761904762
"60","18","6",14,8,9,5,10,18,4,4,8,6,20,3,3,5,4,1,74,51,125,15,38,12,30.4,40.8,59.2
"61","19","1",0,0,1,0,0,3,3,3,0,1,2,6,1,6,4,9,11,31,42,9,5,21.4285714285714,11.9047619047619,73.8095238095238,26.1904761904762
"62","19","2",0,1,2,0,1,3,1,1,1,2,2,2,2,1,2,3,11,16,27,3,5,11.1111111111111,18.5185185185185,59.2592592592593,40.7407407407407
"63","19","3",1,2,2,1,4,2,1,0,3,1,4,0,0,1,0,0,16,9,25,1,6,4,24,36,64
"64","19","4",1,1,1,3,2,0,1,2,1,3,1,0,1,1,2,2,12,13,25,3,1,12,4,52,48
"65","19","5",2,2,2,1,3,0,1,0,2,1,1,0,0,1,0,0,13,6,19,2,1,10.5263157894737,5.26315789473684,31.5789473684211,68.4210526315789
"66","19","6",0,4,1,3,1,2,3,2,4,0,2,1,3,1,2,0,17,15,32,0,4,0,12.5,46.875,53.125
"67","2","1",60,10,10,2,10,3,3,0,10,1,3,1,2,1,0,0,100,19,119,60,6,50.4201680672269,5.04201680672269,15.9663865546218,84.0336134453782
"68","2","2",23,7,7,1,8,14,5,0,8,1,15,4,1,4,0,0,68,33,101,23,29,22.7722772277228,28.7128712871287,32.6732673267327,67.3267326732673
"69","2","3",29,5,6,0,6,0,0,0,5,1,0,0,0,0,0,0,49,6,55,29,0,52.7272727272727,0,10.9090909090909,89.0909090909091
"70","2","4",21,1,1,0,1,0,0,0,1,0,0,0,0,0,0,0,27,1,28,21,0,75,0,3.57142857142857,96.4285714285714
"71","2","5",21,2,2,0,3,0,0,0,3,0,1,0,0,0,0,0,31,4,35,21,1,60,2.85714285714286,11.4285714285714,88.5714285714286
"72","2","6",49,11,11,2,10,7,4,0,10,2,6,2,3,1,0,0,96,25,121,49,13,40.495867768595,10.7438016528926,20.6611570247934,79.3388429752066
"73","20","1",55,10,11,2,10,5,5,0,10,3,4,3,3,2,0,0,101,25,126,55,9,43.6507936507937,7.14285714285714,19.8412698412698,80.1587301587302
"74","20","2",45,12,11,4,10,6,5,2,11,3,5,3,4,2,2,1,96,33,129,46,11,35.6589147286822,8.52713178294574,25.5813953488372,74.4186046511628
"75","20","3",63,9,10,4,10,5,7,1,10,5,4,4,5,3,1,1,112,33,145,64,9,44.1379310344828,6.20689655172414,22.7586206896552,77.2413793103448
"76","20","4",27,10,10,6,8,18,9,1,11,6,16,4,9,2,1,2,92,51,143,29,34,20.2797202797203,23.7762237762238,35.6643356643357,64.3356643356643
"77","20","5",32,9,12,1,13,9,1,0,10,4,10,0,1,0,0,0,80,25,105,32,19,30.4761904761905,18.0952380952381,23.8095238095238,76.1904761904762
"78","20","6",62,9,8,4,10,4,3,1,9,3,6,0,3,2,2,1,103,27,130,63,10,48.4615384615385,7.69230769230769,20.7692307692308,79.2307692307692
"79","21","1",25,9,4,7,4,5,9,5,10,2,5,7,8,7,5,4,71,48,119,29,10,24.3697478991597,8.40336134453782,40.3361344537815,59.6638655462185
"80","21","2",14,7,6,4,7,12,8,5,7,3,13,9,3,10,5,1,66,51,117,15,25,12.8205128205128,21.3675213675214,43.5897435897436,56.4102564102564
"81","21","3",44,11,11,2,10,5,2,1,11,1,4,1,2,1,1,0,87,23,110,44,9,40,8.18181818181818,20.9090909090909,79.0909090909091
"82","21","4",24,8,7,4,7,2,3,5,9,3,2,4,5,4,5,4,63,36,99,28,4,28.2828282828283,4.04040404040404,36.3636363636364,63.6363636363636
"83","21","5",45,4,4,0,4,2,0,0,4,0,2,0,0,0,0,0,62,6,68,45,4,66.1764705882353,5.88235294117647,8.82352941176471,91.1764705882353
"84","21","6",61,4,4,0,4,0,0,0,4,0,0,0,0,0,0,0,76,4,80,61,0,76.25,0,5,95
"85","22","1",1,4,6,3,4,26,8,5,4,5,24,9,5,8,5,1,58,63,121,2,50,1.65289256198347,41.3223140495868,52.0661157024793,47.9338842975207
"86","22","2",1,2,5,1,2,59,11,1,2,4,56,11,4,8,1,2,83,90,173,3,115,1.73410404624277,66.4739884393064,52.0231213872832,47.9768786127168
"87","22","3",1,2,3,1,3,53,10,1,2,2,53,10,1,10,1,2,75,83,158,3,106,1.89873417721519,67.0886075949367,52.5316455696203,47.4683544303797
"88","22","4",2,2,4,1,3,44,12,2,2,3,42,13,2,12,2,1,71,79,150,3,86,2,57.3333333333333,52.6666666666667,47.3333333333333
"89","22","5",1,1,6,3,4,25,11,1,1,9,23,9,5,7,1,0,54,56,110,1,48,0.909090909090909,43.6363636363636,50.9090909090909,49.0909090909091
"90","22","6",0,1,2,0,2,37,1,4,1,1,37,5,0,5,4,2,48,57,105,2,74,1.9047619047619,70.4761904761905,54.2857142857143,45.7142857142857
"91","23","1",4,4,6,3,7,40,8,3,4,4,42,8,1,10,3,0,77,73,150,4,82,2.66666666666667,54.6666666666667,48.6666666666667,51.3333333333333
"92","23","2",2,2,4,2,4,47,2,2,2,4,47,2,3,1,2,3,67,65,132,5,94,3.78787878787879,71.2121212121212,49.2424242424242,50.7575757575758
"93","23","3",37,10,10,5,10,6,8,1,10,5,6,4,6,3,1,0,89,36,125,37,12,29.6,9.6,28.8,71.2
"94","23","4",15,9,16,4,14,23,5,1,9,10,22,2,5,1,1,2,89,53,142,17,45,11.9718309859155,31.6901408450704,37.3239436619718,62.6760563380282
"95","23","5",34,12,10,3,13,14,3,2,12,1,17,2,0,5,2,3,93,43,136,37,31,27.2058823529412,22.7941176470588,31.6176470588235,68.3823529411765
"96","23","6",69,9,8,2,9,4,3,0,9,1,5,1,1,2,0,0,107,19,126,69,9,54.7619047619048,7.14285714285714,15.0793650793651,84.9206349206349
"97","24","1",16,13,16,8,15,12,6,11,13,10,11,9,8,8,11,9,98,81,179,25,23,13.9664804469274,12.8491620111732,45.2513966480447,54.7486033519553
"98","24","2",17,8,10,7,12,17,10,6,9,9,19,8,6,10,6,3,90,70,160,20,36,12.5,22.5,43.75,56.25
"99","24","3",7,4,5,6,8,9,8,7,4,7,11,9,3,12,7,8,55,63,118,15,20,12.7118644067797,16.9491525423729,53.3898305084746,46.6101694915254
"100","24","4",2,5,5,5,6,15,8,4,5,5,16,7,5,7,4,1,52,51,103,3,31,2.9126213592233,30.0970873786408,49.5145631067961,50.4854368932039
"101","24","5",2,2,4,2,0,7,4,10,2,4,3,12,6,8,10,11,32,58,90,13,10,14.4444444444444,11.1111111111111,64.4444444444444,35.5555555555556
"102","24","6",0,3,3,1,0,6,5,2,3,1,3,6,4,3,2,4,21,28,49,4,9,8.16326530612245,18.3673469387755,57.1428571428571,42.8571428571429
"103","25","1",0,1,11,15,11,17,9,20,1,25,17,14,16,13,20,33,86,140,226,33,34,14.6017699115044,15.0442477876106,61.9469026548673,38.0530973451327
"104","25","2",1,2,1,5,1,3,4,18,2,4,3,17,5,16,17,47,35,114,149,48,6,32.2147651006711,4.02684563758389,76.510067114094,23.489932885906
"105","25","3",2,2,1,5,1,9,5,13,2,5,9,13,6,12,13,21,40,82,122,23,18,18.8524590163934,14.7540983606557,67.2131147540984,32.7868852459016
"106","25","4",1,2,5,5,6,4,4,7,2,8,6,5,4,7,7,7,36,47,83,8,10,9.63855421686747,12.0481927710843,56.6265060240964,43.3734939759036
"107","25","5",3,2,2,0,0,5,2,2,3,0,3,4,2,2,2,10,19,26,45,13,8,28.8888888888889,17.7777777777778,57.7777777777778,42.2222222222222
"108","25","6",0,0,1,3,1,2,5,5,0,4,2,8,3,8,6,10,18,43,61,10,4,16.3934426229508,6.55737704918033,70.4918032786885,29.5081967213115
"109","26","1",1,3,1,7,2,2,2,9,3,5,4,4,6,6,10,26,29,65,94,27,6,28.7234042553191,6.38297872340426,69.1489361702128,30.8510638297872
"110","26","2",0,0,0,2,0,3,1,7,0,2,3,6,2,6,6,17,13,45,58,17,6,29.3103448275862,10.3448275862069,77.5862068965517,22.4137931034483
"111","26","3",7,3,1,4,2,0,0,6,3,2,0,2,4,2,6,9,25,29,54,16,0,29.6296296296296,0,53.7037037037037,46.2962962962963
"112","26","4",1,2,1,2,1,6,3,5,2,1,6,6,2,5,5,9,22,38,60,10,12,16.6666666666667,20,63.3333333333333,36.6666666666667
"113","26","5",0,2,4,1,3,3,2,2,2,3,2,3,3,2,3,4,19,23,42,4,5,9.52380952380952,11.9047619047619,54.7619047619048,45.2380952380952
"114","26","6",0,0,2,2,3,1,3,0,0,4,2,1,1,3,1,5,12,19,31,5,3,16.1290322580645,9.67741935483871,61.2903225806452,38.7096774193548
"115","27","1",16,10,8,4,10,10,5,1,11,2,12,2,3,4,2,1,67,37,104,17,22,16.3461538461538,21.1538461538462,35.5769230769231,64.4230769230769
"116","27","2",78,13,13,3,12,5,3,1,13,3,4,1,4,0,1,0,131,26,157,78,9,49.6815286624204,5.73248407643312,16.5605095541401,83.4394904458599
"117","27","3",12,2,2,3,1,1,4,0,2,3,0,1,4,0,0,0,28,10,38,12,1,31.5789473684211,2.63157894736842,26.3157894736842,73.6842105263158
"118","27","4",5,6,4,3,3,4,1,3,6,1,2,1,4,0,3,2,30,21,51,7,6,13.7254901960784,11.7647058823529,41.1764705882353,58.8235294117647
"119","27","5",2,3,7,2,6,5,6,0,3,7,4,3,4,2,0,0,33,24,57,2,9,3.50877192982456,15.7894736842105,42.1052631578947,57.8947368421053
"120","27","6",66,4,4,1,5,3,1,0,5,1,3,0,1,0,0,0,87,10,97,66,6,68.0412371134021,6.18556701030928,10.3092783505155,89.6907216494845
"121","28","1",3,4,17,1,14,25,5,3,4,15,22,7,5,4,3,2,74,63,137,5,47,3.64963503649635,34.3065693430657,45.985401459854,54.014598540146
"122","28","2",6,6,17,2,18,20,6,1,6,14,20,5,2,5,1,0,78,54,132,6,40,4.54545454545455,30.3030303030303,40.9090909090909,59.0909090909091
"123","28","3",0,0,7,1,5,27,7,3,0,9,25,9,4,6,3,3,52,60,112,3,52,2.67857142857143,46.4285714285714,53.5714285714286,46.4285714285714
"124","28","4",8,6,11,8,11,27,11,2,5,14,27,5,8,5,2,2,86,69,155,10,54,6.45161290322581,34.8387096774194,44.5161290322581,55.4838709677419
"125","28","5",0,0,5,4,2,19,12,1,0,9,16,9,6,6,0,0,43,49,92,0,35,0,38.0434782608696,53.2608695652174,46.7391304347826
"126","28","6",1,3,7,5,9,19,8,1,3,9,21,4,2,7,1,3,54,52,106,4,40,3.77358490566038,37.7358490566038,49.0566037735849,50.9433962264151
"127","29","1",28,11,14,8,13,27,13,3,10,11,26,9,8,8,3,5,118,82,200,33,53,16.5,26.5,41,59
"128","29","2",7,8,17,7,15,22,8,5,8,16,19,7,9,4,5,4,90,74,164,11,41,6.70731707317073,25,45.1219512195122,54.8780487804878
"129","29","3",5,6,11,8,8,14,12,11,6,13,12,15,11,13,11,3,77,85,162,8,26,4.93827160493827,16.0493827160494,52.4691358024691,47.5308641975309
"130","29","4",2,5,9,4,9,37,7,2,5,9,37,5,5,4,2,0,77,68,145,2,74,1.37931034482759,51.0344827586207,46.8965517241379,53.1034482758621
"131","29","5",19,5,6,5,10,19,6,4,6,6,22,5,2,8,4,7,77,60,137,26,41,18.978102189781,29.9270072992701,43.7956204379562,56.2043795620438
"132","29","6",14,12,10,11,8,14,12,8,12,10,12,9,14,7,8,12,91,85,176,26,26,14.7727272727273,14.7727272727273,48.2954545454545,51.7045454545455
"133","3","1",6,6,6,5,5,20,7,2,6,5,19,5,6,4,2,1,58,50,108,7,39,6.48148148148148,36.1111111111111,46.2962962962963,53.7037037037037
"134","3","2",3,6,8,5,9,15,5,4,7,7,15,4,5,4,4,7,58,53,111,10,30,9.00900900900901,27.027027027027,47.7477477477477,52.2522522522523
"135","3","3",3,7,3,6,6,2,5,5,8,2,5,4,4,7,6,6,40,42,82,9,7,10.9756097560976,8.53658536585366,51.219512195122,48.780487804878
"136","3","4",1,4,2,4,2,0,2,5,4,2,0,2,4,2,5,2,21,23,44,3,0,6.81818181818182,0,52.2727272727273,47.7272727272727
"137","3","5",2,2,6,3,3,6,7,0,2,7,3,4,6,2,0,0,30,26,56,2,9,3.57142857142857,16.0714285714286,46.4285714285714,53.5714285714286
"138","3","6",4,2,2,2,2,0,2,0,3,2,0,0,2,0,0,0,17,7,24,4,0,16.6666666666667,0,29.1666666666667,70.8333333333333
"139","30","1",8,9,10,6,10,10,7,6,9,7,11,7,6,7,6,5,68,59,127,13,21,10.2362204724409,16.5354330708661,46.4566929133858,53.5433070866142
"140","30","2",10,8,7,6,4,12,10,3,8,5,9,7,9,5,4,6,61,55,116,16,21,13.7931034482759,18.1034482758621,47.4137931034483,52.5862068965517
"141","30","3",3,7,8,2,5,10,5,3,7,3,7,5,5,3,3,3,44,38,82,6,17,7.31707317073171,20.7317073170732,46.3414634146341,53.6585365853659
"142","30","4",2,3,4,4,1,11,4,5,3,5,9,5,6,3,5,14,36,51,87,16,20,18.3908045977011,22.9885057471264,58.6206896551724,41.3793103448276
"143","30","5",1,1,3,4,4,7,2,4,1,6,8,2,3,2,3,6,26,34,60,7,15,11.6666666666667,25,56.6666666666667,43.3333333333333
"144","30","6",0,0,2,3,1,5,5,5,0,5,4,7,3,7,5,11,22,44,66,11,9,16.6666666666667,13.6363636363636,66.6666666666667,33.3333333333333
"145","31","1",10,12,9,19,11,17,13,24,12,16,18,18,17,20,24,27,116,154,270,37,35,13.7037037037037,12.962962962963,57.037037037037,42.962962962963
"146","31","2",0,4,8,12,8,13,11,23,4,16,13,21,12,21,22,41,79,153,232,41,26,17.6724137931034,11.2068965517241,65.948275862069,34.051724137931
"147","31","3",0,4,4,9,5,11,10,16,4,10,12,17,9,18,17,38,61,126,187,38,23,20.3208556149733,12.2994652406417,67.379679144385,32.620320855615
"148","31","4",0,2,3,4,1,7,7,11,2,5,5,15,6,13,11,40,36,99,135,40,12,29.6296296296296,8.88888888888889,73.3333333333333,26.6666666666667
"149","31","5",0,1,1,4,1,6,4,10,1,4,6,9,4,9,9,24,27,69,96,24,12,25,12.5,71.875,28.125
"150","31","6",0,2,0,8,1,0,4,9,2,6,1,5,7,7,10,37,25,77,102,37,1,36.2745098039216,0.980392156862745,75.4901960784314,24.5098039215686
"151","32","1",1,4,6,8,8,9,3,13,4,10,11,8,6,10,13,57,52,122,174,58,20,33.3333333333333,11.4942528735632,70.1149425287356,29.8850574712644
"152","32","2",0,0,0,3,0,2,2,12,0,3,2,11,3,11,12,79,19,124,143,79,4,55.2447552447552,2.7972027972028,86.7132867132867,13.2867132867133
"153","32","3",6,1,2,3,0,4,2,12,1,4,2,12,5,10,13,38,31,87,118,44,6,37.2881355932203,5.08474576271186,73.728813559322,26.271186440678
"154","32","4",1,1,0,2,0,3,4,7,1,1,3,10,2,10,7,38,19,74,93,39,6,41.9354838709677,6.45161290322581,79.5698924731183,20.4301075268817
"155","32","5",0,0,1,2,2,1,1,7,0,3,2,6,1,8,7,38,15,67,82,38,3,46.3414634146341,3.65853658536585,81.7073170731707,18.2926829268293
"156","32","6",0,0,0,2,0,2,0,7,0,2,2,5,2,5,7,29,11,55,66,29,4,43.9393939393939,6.06060606060606,83.3333333333333,16.6666666666667
"157","33","1",4,4,6,10,6,11,10,11,5,12,11,10,11,10,11,11,65,81,146,15,22,10.2739726027397,15.0684931506849,55.4794520547945,44.5205479452055
"158","33","2",0,0,2,1,1,6,6,5,0,3,5,10,1,9,4,3,21,38,59,3,11,5.08474576271186,18.6440677966102,64.406779661017,35.5932203389831
"159","33","3",0,1,1,4,3,6,3,7,1,4,8,5,2,8,7,22,26,59,85,22,14,25.8823529411765,16.4705882352941,69.4117647058823,30.5882352941176
"160","33","4",0,0,4,1,4,9,5,4,0,5,9,8,1,8,4,7,29,43,72,7,18,9.72222222222222,25,59.7222222222222,40.2777777777778
"161","33","5",1,2,3,4,5,7,1,7,2,5,9,4,2,5,6,15,30,51,81,16,16,19.7530864197531,19.7530864197531,62.962962962963,37.037037037037
"162","33","6",2,3,2,3,2,3,0,5,2,2,3,2,2,2,5,2,21,22,43,4,6,9.30232558139535,13.953488372093,51.1627906976744,48.8372093023256
"163","34","1",19,10,12,9,14,6,6,9,11,11,8,6,7,8,9,12,88,72,160,31,14,19.375,8.75,45,55
"164","34","2",5,6,12,7,13,15,9,5,6,13,16,7,7,7,5,2,74,64,138,7,31,5.07246376811594,22.463768115942,46.3768115942029,53.6231884057971
"165","34","3",18,11,8,7,9,10,6,6,11,4,10,6,6,6,6,2,76,53,129,20,20,15.5038759689922,15.5038759689922,41.0852713178295,58.9147286821705
"166","34","4",45,11,8,7,6,4,7,2,10,4,3,2,8,1,2,0,92,31,123,45,7,36.5853658536585,5.69105691056911,25.2032520325203,74.7967479674797
"167","34","5",41,11,7,7,9,2,6,2,12,3,3,1,6,2,2,1,88,30,118,42,5,35.5932203389831,4.23728813559322,25.4237288135593,74.5762711864407
"168","34","6",30,12,14,2,13,7,2,2,13,4,6,2,3,1,2,1,85,32,117,31,13,26.4957264957265,11.1111111111111,27.3504273504273,72.6495726495726
"169","35","1",8,5,6,3,7,4,2,2,6,4,5,1,2,2,2,1,40,23,63,9,9,14.2857142857143,14.2857142857143,36.5079365079365,63.4920634920635
"170","35","2",11,5,9,3,6,11,2,5,5,6,8,4,5,2,5,6,53,43,96,17,19,17.7083333333333,19.7916666666667,44.7916666666667,55.2083333333333
"171","35","3",7,4,7,2,7,10,5,3,4,5,10,6,2,6,3,0,46,38,84,7,20,8.33333333333333,23.8095238095238,45.2380952380952,54.7619047619048
"172","35","4",1,3,3,2,4,5,4,6,3,2,7,8,1,10,6,4,30,42,72,5,12,6.94444444444444,16.6666666666667,58.3333333333333,41.6666666666667
"173","35","5",3,6,5,6,6,2,6,2,6,5,3,3,5,3,2,4,37,33,70,7,5,10,7.14285714285714,47.1428571428571,52.8571428571429
"174","35","6",2,2,2,4,1,4,7,5,2,3,4,8,4,8,5,11,29,46,75,13,8,17.3333333333333,10.6666666666667,61.3333333333333,38.6666666666667
"175","36","1",8,8,8,10,9,13,7,14,9,10,14,11,10,11,14,39,80,118,198,47,27,23.7373737373737,13.6363636363636,59.5959595959596,40.4040404040404
"176","36","2",14,11,10,12,11,9,12,11,11,10,10,11,10,13,11,3,91,81,172,17,19,9.88372093023256,11.046511627907,47.093023255814,52.906976744186
"177","36","3",14,13,13,9,13,6,10,5,13,9,6,7,9,7,6,1,84,60,144,15,12,10.4166666666667,8.33333333333333,41.6666666666667,58.3333333333333
"178","36","4",4,4,7,6,7,6,10,4,4,9,6,8,6,8,4,2,50,48,98,6,12,6.12244897959184,12.2448979591837,48.9795918367347,51.0204081632653
"179","36","5",4,3,3,7,3,5,5,9,3,7,5,7,7,6,8,11,39,57,96,15,10,15.625,10.4166666666667,59.375,40.625
"180","36","6",0,2,3,6,3,4,2,10,2,7,3,6,7,5,10,9,32,50,82,9,7,10.9756097560976,8.53658536585366,60.9756097560976,39.0243902439024
"181","37","1",7,13,14,8,13,20,17,3,12,9,19,12,8,12,3,4,96,81,177,11,39,6.21468926553672,22.0338983050847,45.7627118644068,54.2372881355932
"182","37","2",38,18,18,3,19,20,3,2,18,3,20,2,2,3,2,1,122,53,175,39,40,22.2857142857143,22.8571428571429,30.2857142857143,69.7142857142857
"183","37","3",37,15,13,6,11,5,6,5,15,5,3,4,9,2,5,2,100,46,146,39,8,26.7123287671233,5.47945205479452,31.5068493150685,68.4931506849315
"184","37","4",20,13,12,7,12,13,10,2,13,5,14,5,6,6,2,0,91,52,143,20,27,13.986013986014,18.8811188811189,36.3636363636364,63.6363636363636
"185","37","5",37,12,13,4,13,13,7,1,12,5,14,4,4,4,1,1,102,46,148,38,27,25.6756756756757,18.2432432432432,31.0810810810811,68.9189189189189
"186","37","6",37,13,13,5,14,13,7,1,14,4,14,3,4,4,1,0,106,44,150,37,27,24.6666666666667,18,29.3333333333333,70.6666666666667
"187","38","1",3,3,5,5,4,11,9,6,3,7,10,10,6,10,7,26,47,81,128,29,21,22.65625,16.40625,63.28125,36.71875
"188","38","2",3,2,1,7,4,18,3,9,2,6,20,6,4,8,9,7,48,64,112,10,38,8.92857142857143,33.9285714285714,57.1428571428571,42.8571428571429
"189","38","3",0,1,3,5,3,17,7,8,1,7,17,11,5,10,8,13,45,74,119,13,34,10.9243697478992,28.5714285714286,62.1848739495798,37.8151260504202
"190","38","4",0,2,2,6,3,1,8,9,2,6,2,11,5,13,10,26,32,77,109,26,3,23.8532110091743,2.75229357798165,70.6422018348624,29.3577981651376
"191","38","5",3,1,1,2,2,5,2,8,2,2,5,8,2,8,8,42,27,77,104,45,10,43.2692307692308,9.61538461538461,74.0384615384615,25.9615384615385
"192","38","6",0,0,2,2,2,12,2,4,0,3,12,4,1,5,4,6,25,37,62,6,24,9.67741935483871,38.7096774193548,59.6774193548387,40.3225806451613
"193","39","1",22,7,18,1,12,51,11,2,7,12,45,12,7,6,2,2,126,94,220,24,96,10.9090909090909,43.6363636363636,42.7272727272727,57.2727272727273
"194","39","2",9,7,9,9,13,35,8,8,7,12,39,7,6,10,8,6,100,96,196,15,74,7.6530612244898,37.7551020408163,48.9795918367347,51.0204081632653
"195","39","3",12,9,11,11,10,18,14,12,9,13,17,14,12,14,12,16,98,109,207,28,35,13.5265700483092,16.9082125603865,52.6570048309179,47.3429951690821
"196","39","4",3,7,7,12,5,10,10,16,7,12,8,15,14,13,17,25,71,113,184,28,18,15.2173913043478,9.78260869565217,61.4130434782609,38.5869565217391
"197","39","5",3,4,10,6,11,6,4,9,4,12,7,7,5,8,9,17,53,72,125,20,13,16,10.4,57.6,42.4
"198","39","6",6,3,6,2,6,14,4,3,4,5,14,4,3,4,3,8,47,45,92,14,28,15.2173913043478,30.4347826086957,48.9130434782609,51.0869565217391
"199","4","1",5,5,13,5,8,13,5,11,5,13,7,11,11,5,11,16,67,80,147,21,20,14.2857142857143,13.6054421768707,54.421768707483,45.578231292517
"200","4","2",0,0,2,4,1,6,4,15,0,6,5,15,5,13,15,44,33,105,138,44,11,31.8840579710145,7.97101449275362,76.0869565217391,23.9130434782609
"201","4","3",0,1,1,7,3,1,4,10,1,7,3,7,5,9,10,69,27,114,141,69,4,48.936170212766,2.83687943262411,80.8510638297872,19.1489361702128
"202","4","4",0,1,0,3,2,1,2,10,1,2,3,9,1,12,10,51,20,91,111,51,4,45.9459459459459,3.6036036036036,81.981981981982,18.018018018018
"203","4","5",0,0,0,5,1,1,4,10,0,6,2,8,5,9,10,25,23,66,89,25,3,28.0898876404494,3.37078651685393,74.1573033707865,25.8426966292135
"204","4","6",0,0,0,5,1,2,3,7,0,5,3,5,4,6,6,12,18,44,62,12,5,19.3548387096774,8.06451612903226,70.9677419354839,29.0322580645161
"205","40","1",5,7,10,7,12,8,8,3,7,9,10,4,5,6,3,6,62,51,113,11,18,9.73451327433628,15.929203539823,45.1327433628319,54.8672566371681
"206","40","2",6,7,5,9,8,6,5,8,7,6,9,4,5,7,7,8,54,56,110,14,15,12.7272727272727,13.6363636363636,50.9090909090909,49.0909090909091
"207","40","3",0,2,1,4,1,8,6,4,2,3,8,6,4,5,3,3,26,37,63,3,16,4.76190476190476,25.3968253968254,58.7301587301587,41.2698412698413
"208","40","4",12,6,7,4,8,11,7,3,5,5,12,6,2,8,3,1,59,44,103,13,23,12.621359223301,22.3300970873786,42.7184466019417,57.2815533980583
"209","40","5",11,9,7,10,8,6,11,1,9,8,7,2,9,3,1,1,66,40,106,12,13,11.3207547169811,12.2641509433962,37.7358490566038,62.2641509433962
"210","40","6",4,7,5,5,5,1,4,3,7,3,2,2,5,3,4,7,36,34,70,11,3,15.7142857142857,4.28571428571429,48.5714285714286,51.4285714285714
"211","41","1",1,3,13,0,11,44,5,2,3,10,42,7,2,5,2,0,81,72,153,1,86,0.65359477124183,56.2091503267974,47.0588235294118,52.9411764705882
"212","41","2",2,3,7,4,8,38,5,1,3,8,40,2,3,3,1,0,70,61,131,2,78,1.52671755725191,59.5419847328244,46.5648854961832,53.4351145038168
"213","41","3",6,5,10,4,9,25,8,0,5,8,25,4,4,4,0,0,69,51,120,6,50,5,41.6666666666667,42.5,57.5
"214","41","4",0,3,7,2,6,48,5,1,3,6,46,4,3,2,1,0,73,67,140,0,94,0,67.1428571428571,47.8571428571429,52.1428571428571
"215","41","5",2,4,6,2,8,27,4,5,4,4,29,6,1,8,5,3,60,61,121,5,56,4.13223140495868,46.2809917355372,50.4132231404959,49.5867768595041
"216","41","6",7,6,8,3,8,26,5,3,6,5,26,5,3,5,3,2,68,56,124,9,52,7.25806451612903,41.9354838709677,45.1612903225806,54.8387096774194
"217","42","1",4,6,3,5,6,5,6,3,6,3,7,4,3,6,3,0,40,33,73,4,12,5.47945205479452,16.4383561643836,45.2054794520548,54.7945205479452
"218","42","2",60,10,12,0,12,2,0,1,10,2,3,1,0,1,1,0,99,19,118,60,5,50.8474576271186,4.23728813559322,16.1016949152542,83.8983050847458
"219","42","3",9,10,12,6,12,13,9,4,9,8,13,7,6,7,4,2,77,57,134,11,26,8.2089552238806,19.4029850746269,42.5373134328358,57.4626865671642
"220","42","4",39,11,10,6,9,2,6,3,11,6,0,3,8,1,3,4,88,37,125,43,2,34.4,1.6,29.6,70.4
"221","42","5",7,7,8,6,8,13,4,7,7,7,12,6,6,5,7,3,61,55,116,10,25,8.62068965517241,21.551724137931,47.4137931034483,52.5862068965517
"222","42","6",30,12,11,2,12,5,2,1,12,1,7,0,1,2,1,1,77,26,103,31,12,30.0970873786408,11.6504854368932,25.2427184466019,74.7572815533981
"223","43","1",48,16,22,5,21,15,7,5,16,12,14,7,7,5,5,2,141,69,210,50,29,23.8095238095238,13.8095238095238,32.8571428571429,67.1428571428571
"224","43","2",86,22,19,8,16,13,13,1,21,6,10,6,11,3,1,2,180,61,241,88,23,36.5145228215768,9.54356846473029,25.3112033195021,74.6887966804979
"225","43","3",109,24,20,13,19,6,15,1,24,9,5,2,14,1,1,1,208,59,267,110,11,41.1985018726592,4.11985018726592,22.0973782771536,77.9026217228464
"226","43","4",108,22,19,6,20,4,4,3,22,3,5,1,5,2,3,2,189,43,232,110,9,47.4137931034483,3.87931034482759,18.5344827586207,81.4655172413793
"227","43","5",57,21,22,4,21,5,5,2,21,4,5,3,4,3,2,1,139,44,183,58,10,31.6939890710383,5.46448087431694,24.0437158469945,75.9562841530055
"228","43","6",11,8,10,5,13,49,8,1,8,7,53,4,2,7,1,0,107,83,190,11,102,5.78947368421053,53.6842105263158,43.6842105263158,56.3157894736842
"229","44","1",16,13,14,7,16,13,8,7,14,8,15,8,6,10,8,6,97,75,172,22,28,12.7906976744186,16.2790697674419,43.6046511627907,56.3953488372093
"230","44","2",9,7,9,7,6,26,7,5,7,8,23,5,9,2,5,4,77,65,142,13,49,9.15492957746479,34.5070422535211,45.7746478873239,54.2253521126761
"231","44","3",2,3,5,1,4,32,1,5,3,3,31,5,2,4,5,2,54,57,111,4,63,3.6036036036036,56.7567567567568,51.3513513513514,48.6486486486486
"232","44","4",2,5,5,2,5,35,5,2,5,2,35,5,2,5,2,2,63,59,122,4,70,3.27868852459016,57.3770491803279,48.3606557377049,51.6393442622951
"233","44","5",1,1,1,1,2,38,3,0,1,1,38,2,0,3,0,0,48,47,95,1,76,1.05263157894737,80,49.4736842105263,50.5263157894737
"234","44","6",51,10,9,3,9,10,3,2,11,2,10,2,4,2,2,2,100,35,135,53,20,39.2592592592593,14.8148148148148,25.9259259259259,74.0740740740741
"235","45","1",6,5,3,11,6,12,15,12,5,10,15,16,9,19,13,30,72,118,190,36,27,18.9473684210526,14.2105263157895,62.1052631578947,37.8947368421053
"236","45","2",0,2,3,8,2,8,9,12,2,9,8,13,9,12,12,38,46,104,150,38,16,25.3333333333333,10.6666666666667,69.3333333333333,30.6666666666667
"237","45","3",5,5,5,3,4,6,4,7,5,3,6,8,4,8,8,17,41,60,101,22,12,21.7821782178218,11.8811881188119,59.4059405940594,40.5940594059406
"238","45","4",8,6,5,6,4,2,2,7,6,5,1,4,6,3,7,12,41,46,87,20,3,22.9885057471264,3.44827586206897,52.8735632183908,47.1264367816092
"239","45","5",1,3,2,7,3,5,4,5,3,5,6,2,5,3,5,8,31,39,70,9,11,12.8571428571429,15.7142857142857,55.7142857142857,44.2857142857143
"240","45","6",3,7,2,7,1,3,8,4,7,2,3,5,8,4,4,8,37,42,79,11,6,13.9240506329114,7.59493670886076,53.1645569620253,46.8354430379747
"241","46","1",7,3,7,2,5,7,0,12,3,6,5,10,4,7,11,38,43,87,130,45,12,34.6153846153846,9.23076923076923,66.9230769230769,33.0769230769231
"242","46","2",0,0,2,2,1,4,4,9,0,4,3,11,3,11,10,44,23,88,111,44,7,39.6396396396396,6.30630630630631,79.2792792792793,20.7207207207207
"243","46","3",0,1,3,1,1,7,5,8,1,3,5,12,3,10,8,28,26,73,99,28,12,28.2828282828283,12.1212121212121,73.7373737373737,26.2626262626263
"244","46","4",1,4,3,4,2,16,6,10,4,2,15,12,4,11,10,20,47,80,127,21,31,16.5354330708661,24.4094488188976,62.992125984252,37.007874015748
"245","46","5",0,4,5,5,5,7,4,8,4,6,7,7,5,7,8,15,40,60,100,15,14,15,14,60,40
"246","46","6",1,5,4,6,4,2,2,11,5,5,2,7,6,7,11,38,35,84,119,39,4,32.7731092436975,3.36134453781513,70.5882352941177,29.4117647058824
"247","47","1",2,5,8,1,6,6,2,6,5,3,4,8,2,6,6,13,37,49,86,15,10,17.4418604651163,11.6279069767442,56.9767441860465,43.0232558139535
"248","47","2",0,5,5,4,4,7,5,11,5,4,6,12,5,12,11,33,42,90,132,33,13,25,9.84848484848485,68.1818181818182,31.8181818181818
"249","47","3",1,5,4,6,3,7,6,12,5,5,6,12,7,11,12,23,44,84,128,24,13,18.75,10.15625,65.625,34.375
"250","47","4",1,1,2,4,4,2,1,6,1,5,4,3,2,6,6,37,22,66,88,38,6,43.1818181818182,6.81818181818182,75,25
"251","47","5",0,1,3,1,1,7,2,4,1,3,5,6,3,4,5,8,20,37,57,8,12,14.0350877192982,21.0526315789474,64.9122807017544,35.0877192982456
"252","47","6",0,0,1,1,0,5,1,5,0,2,4,5,2,3,4,17,13,40,53,17,9,32.0754716981132,16.9811320754717,75.4716981132076,24.5283018867925
"253","48","1",14,9,10,2,12,3,2,0,10,3,5,0,1,1,0,0,55,20,75,14,8,18.6666666666667,10.6666666666667,26.6666666666667,73.3333333333333
"254","48","2",17,6,13,1,12,4,1,0,6,8,4,0,1,0,0,0,56,20,76,17,8,22.3684210526316,10.5263157894737,26.3157894736842,73.6842105263158
"255","48","3",7,5,10,1,11,17,2,1,5,7,17,2,1,2,1,0,56,36,92,7,34,7.60869565217391,36.9565217391304,39.1304347826087,60.8695652173913
"256","48","4",9,5,5,4,6,16,4,4,5,5,17,4,4,4,4,4,55,48,103,13,33,12.621359223301,32.0388349514563,46.6019417475728,53.3980582524272
"257","48","5",6,3,2,3,1,3,4,2,3,1,2,3,4,2,2,3,26,21,47,9,5,19.1489361702128,10.6382978723404,44.6808510638298,55.3191489361702
"258","48","6",6,2,0,3,0,0,4,3,3,1,0,4,4,3,3,6,21,24,45,12,0,26.6666666666667,0,53.3333333333333,46.6666666666667
"259","49","1",5,4,3,3,3,8,5,4,4,2,8,7,2,7,4,4,36,40,76,9,16,11.8421052631579,21.0526315789474,52.6315789473684,47.3684210526316
"260","49","2",11,3,6,4,9,7,3,1,3,7,9,0,1,2,1,0,45,25,70,11,16,15.7142857142857,22.8571428571429,35.7142857142857,64.2857142857143
"261","49","3",23,10,11,2,10,4,1,1,10,3,4,0,2,0,1,0,64,21,85,23,8,27.0588235294118,9.41176470588235,24.7058823529412,75.2941176470588
"262","49","4",24,8,10,1,10,5,2,1,9,3,4,2,2,1,1,0,64,22,86,24,9,27.906976744186,10.4651162790698,25.5813953488372,74.4186046511628
"263","49","5",11,7,10,7,10,9,6,4,6,10,9,3,6,4,4,3,65,47,112,14,18,12.5,16.0714285714286,41.9642857142857,58.0357142857143
"264","49","6",35,8,8,2,7,3,1,3,9,2,2,2,4,1,3,1,70,24,94,36,5,38.2978723404255,5.31914893617021,25.531914893617,74.468085106383
"265","5","1",8,8,11,5,13,32,5,2,8,8,34,2,4,3,2,0,86,62,148,8,66,5.40540540540541,44.5945945945946,41.8918918918919,58.1081081081081
"266","5","2",4,3,8,3,8,25,5,2,3,8,24,4,3,4,2,0,59,50,109,4,49,3.6697247706422,44.954128440367,45.8715596330275,54.1284403669725
"267","5","3",10,7,8,5,6,8,9,2,8,6,5,6,8,3,2,1,58,39,97,11,13,11.340206185567,13.4020618556701,40.2061855670103,59.7938144329897
"268","5","4",1,6,13,1,14,24,2,3,5,9,25,4,0,5,3,1,66,53,119,2,49,1.68067226890756,41.1764705882353,44.5378151260504,55.4621848739496
"269","5","5",1,1,2,0,1,23,1,2,1,1,21,3,1,2,2,1,32,34,66,2,44,3.03030303030303,66.6666666666667,51.5151515151515,48.4848484848485
"270","5","6",0,0,1,2,2,13,3,1,0,3,13,3,1,3,1,0,23,26,49,0,26,0,53.0612244897959,53.0612244897959,46.9387755102041
"271","50","1",1,3,4,4,3,24,4,11,3,5,24,11,5,11,12,21,56,93,149,22,48,14.7651006711409,32.2147651006711,62.4161073825503,37.5838926174497
"272","50","2",2,1,3,11,4,2,9,15,1,13,3,13,9,14,14,23,47,93,140,25,5,17.8571428571429,3.57142857142857,66.4285714285714,33.5714285714286
"273","50","3",0,0,0,0,0,2,3,8,0,0,3,11,0,12,9,65,15,101,116,65,5,56.0344827586207,4.31034482758621,87.0689655172414,12.9310344827586
"274","50","4",0,0,0,0,0,8,2,7,0,0,8,9,0,9,8,41,18,77,95,41,16,43.1578947368421,16.8421052631579,81.0526315789474,18.9473684210526
"275","50","5",0,0,1,0,0,3,1,8,0,1,2,9,1,8,8,57,13,89,102,57,5,55.8823529411765,4.90196078431373,87.2549019607843,12.7450980392157
"276","50","6",0,1,1,1,2,3,2,4,1,2,4,5,1,6,5,38,16,63,79,38,7,48.1012658227848,8.86075949367089,79.746835443038,20.253164556962
"277","51","1",15,4,4,0,3,3,1,0,4,0,2,1,1,0,0,0,33,8,41,15,5,36.5853658536585,12.1951219512195,19.5121951219512,80.4878048780488
"278","51","2",3,3,4,2,2,2,1,2,3,2,0,1,3,0,2,0,20,13,33,3,2,9.09090909090909,6.06060606060606,39.3939393939394,60.6060606060606
"279","51","3",0,0,3,0,2,4,0,0,0,2,3,0,0,0,0,0,10,7,17,0,7,0,41.1764705882353,41.1764705882353,58.8235294117647
"280","51","4",0,0,0,0,0,0,0,0,0,0,0,0,0,0,0,0,2,0,2,0,0,0,0,0,100
"281","51","5",0,0,2,0,2,3,0,0,0,3,3,0,0,0,0,0,9,7,16,0,6,0,37.5,43.75,56.25
"282","51","6",0,0,0,0,1,1,0,0,0,0,2,0,0,0,0,0,4,3,7,0,3,0,42.8571428571429,42.8571428571429,57.1428571428571
"283","52","1",0,0,6,5,5,42,7,9,0,11,41,10,6,10,9,4,75,93,168,4,83,2.38095238095238,49.4047619047619,55.3571428571429,44.6428571428571
"284","52","2",0,1,3,0,3,61,0,3,1,2,60,3,0,3,3,1,72,75,147,1,121,0.680272108843537,82.312925170068,51.0204081632653,48.9795918367347
"285","52","3",0,0,0,1,1,51,1,7,0,1,51,8,0,8,7,10,62,87,149,10,102,6.71140939597315,68.4563758389262,58.3892617449664,41.6107382550336
"286","52","4",0,0,2,3,2,50,2,4,0,5,51,3,3,4,5,3,65,75,140,3,101,2.14285714285714,72.1428571428571,53.5714285714286,46.4285714285714
"287","52","5",6,4,7,3,7,46,3,3,4,6,46,4,3,3,3,0,80,71,151,6,92,3.97350993377483,60.9271523178808,47.0198675496689,52.9801324503311
"288","52","6",3,6,7,3,6,18,6,7,6,4,17,10,4,9,7,12,58,70,128,15,35,11.71875,27.34375,54.6875,45.3125
"289","53","1",11,6,9,4,8,4,6,3,6,7,4,5,4,5,3,4,53,39,92,15,8,16.304347826087,8.69565217391304,42.3913043478261,57.6086956521739
"290","53","2",2,3,4,1,3,9,3,1,3,1,8,4,1,3,1,1,27,24,51,3,17,5.88235294117647,33.3333333333333,47.0588235294118,52.9411764705882
"291","53","3",5,3,0,3,0,0,2,1,3,0,0,0,3,1,1,4,15,14,29,9,0,31.0344827586207,0,48.2758620689655,51.7241379310345
"292","53","4",1,2,2,1,2,0,1,1,1,1,0,1,1,1,1,0,12,7,19,1,0,5.26315789473684,0,36.8421052631579,63.1578947368421
"293","53","5",0,0,3,1,2,1,1,0,0,3,1,0,1,0,0,0,10,6,16,0,2,0,12.5,37.5,62.5
"294","53","6",0,2,2,1,1,0,0,1,2,1,0,0,1,0,1,3,9,9,18,3,0,16.6666666666667,0,50,50
"295","54","1",23,14,13,5,11,11,5,4,14,4,9,4,7,2,4,4,89,48,137,27,20,19.7080291970803,14.5985401459854,35.036496350365,64.963503649635
"296","54","2",7,5,14,5,14,14,5,6,5,13,14,6,4,7,6,6,71,63,134,13,28,9.70149253731343,20.8955223880597,47.0149253731343,52.9850746268657
"297","54","3",4,5,8,6,8,25,12,2,4,10,25,8,6,8,2,2,72,66,138,6,50,4.34782608695652,36.231884057971,47.8260869565217,52.1739130434783
"298","54","4",5,6,3,8,5,4,5,7,6,5,6,4,5,6,7,15,44,56,100,20,10,20,10,56,44
"299","54","5",8,7,2,8,5,8,7,7,7,3,10,7,5,9,7,5,53,55,108,13,18,12.037037037037,16.6666666666667,50.9259259259259,49.0740740740741
"300","54","6",0,1,4,3,4,10,3,4,1,6,9,4,3,4,4,4,30,37,67,4,19,5.97014925373134,28.3582089552239,55.2238805970149,44.7761194029851
"301","55","1",5,5,6,8,7,21,8,17,5,9,22,16,8,17,17,16,79,111,190,21,43,11.0526315789474,22.6315789473684,58.4210526315789,41.5789473684211
"302","55","2",4,7,6,8,9,36,10,5,7,7,39,7,6,10,6,5,87,88,175,9,75,5.14285714285714,42.8571428571429,50.2857142857143,49.7142857142857
"303","55","3",11,11,15,7,17,21,9,5,11,11,23,7,5,9,4,1,96,74,170,12,44,7.05882352941176,25.8823529411765,43.5294117647059,56.4705882352941
"304","55","4",37,13,13,9,13,16,12,7,13,10,16,10,10,9,7,8,122,84,206,45,32,21.8446601941748,15.5339805825243,40.7766990291262,59.2233009708738
"305","55","5",25,17,17,9,15,15,12,5,17,9,13,8,11,6,5,0,118,69,187,25,28,13.3689839572193,14.9732620320856,36.8983957219251,63.1016042780749
"306","55","6",21,13,15,10,14,11,6,11,13,12,11,7,11,7,11,17,103,90,193,38,22,19.6891191709845,11.3989637305699,46.6321243523316,53.3678756476684
"307","56","1",18,8,10,6,9,12,4,5,8,8,12,3,6,3,5,2,74,48,122,20,24,16.3934426229508,19.672131147541,39.344262295082,60.655737704918
"308","56","2",3,7,9,5,8,20,7,6,7,7,19,8,6,6,5,3,65,64,129,6,39,4.65116279069767,30.2325581395349,49.6124031007752,50.3875968992248
"309","56","3",6,7,4,6,7,6,5,5,8,3,9,4,3,7,5,5,49,44,93,11,15,11.8279569892473,16.1290322580645,47.3118279569892,52.6881720430108
"310","56","4",0,2,1,3,2,2,3,7,2,2,3,7,2,9,8,8,21,43,64,8,5,12.5,7.8125,67.1875,32.8125
"311","56","5",2,4,2,6,1,2,4,6,3,5,1,4,7,3,6,2,29,32,61,4,3,6.55737704918033,4.91803278688525,52.4590163934426,47.5409836065574
"312","56","6",1,3,3,2,3,2,0,4,3,2,1,2,3,1,4,3,20,20,40,4,3,10,7.5,50,50
"313","57","1",1,4,5,12,7,11,10,9,4,13,13,7,10,10,10,6,60,75,135,7,24,5.18518518518519,17.7777777777778,55.5555555555556,44.4444444444444
"314","57","2",3,4,13,3,14,26,3,2,4,12,26,2,3,2,2,1,70,53,123,4,52,3.2520325203252,42.2764227642276,43.0894308943089,56.9105691056911
"315","57","3",1,2,6,3,7,27,4,4,2,7,27,5,2,6,4,1,55,56,111,2,54,1.8018018018018,48.6486486486486,50.4504504504505,49.5495495495495
"316","57","4",2,5,12,1,9,21,2,5,5,8,17,6,4,3,5,8,58,58,116,10,38,8.62068965517241,32.7586206896552,50,50
"317","57","5",0,3,7,4,7,11,5,6,3,8,11,7,3,8,6,11,44,59,103,11,22,10.6796116504854,21.3592233009709,57.2815533980583,42.7184466019417
"318","57","6",0,2,7,2,9,11,4,3,2,7,13,5,0,7,3,12,40,50,90,12,24,13.3333333333333,26.6666666666667,55.5555555555556,44.4444444444444
"319","58","1",6,4,15,2,14,33,4,3,5,13,32,5,4,3,3,2,84,67,151,8,65,5.29801324503311,43.046357615894,44.3708609271523,55.6291390728477
"320","58","2",6,6,7,9,7,16,17,10,6,10,16,17,9,18,10,10,79,98,177,16,32,9.03954802259887,18.0790960451977,55.3672316384181,44.6327683615819
"321","58","3",4,6,11,4,9,10,5,8,5,9,8,9,5,8,8,10,58,64,122,14,18,11.4754098360656,14.7540983606557,52.4590163934426,47.5409836065574
"322","58","4",15,5,2,6,4,2,6,2,5,3,4,2,5,4,2,1,44,27,71,16,6,22.5352112676056,8.45070422535211,38.0281690140845,61.9718309859155
"323","58","5",1,2,2,0,3,0,0,0,3,0,1,0,0,1,1,1,11,7,18,2,1,11.1111111111111,5.55555555555556,38.8888888888889,61.1111111111111
"324","58","6",2,2,1,1,1,0,0,1,2,0,0,0,0,0,1,0,9,5,14,2,0,14.2857142857143,0,35.7142857142857,64.2857142857143
"325","59","1",42,8,10,1,11,1,0,1,9,2,2,0,0,1,1,2,77,17,94,44,3,46.8085106382979,3.19148936170213,18.0851063829787,81.9148936170213
"326","59","2",18,8,8,1,7,4,1,1,9,1,3,1,2,0,1,0,51,17,68,18,7,26.4705882352941,10.2941176470588,25,75
"327","59","3",18,7,5,3,5,2,1,2,6,1,2,0,2,0,1,0,43,15,58,18,4,31.0344827586207,6.89655172413793,25.8620689655172,74.1379310344828
"328","59","4",3,4,6,2,6,2,3,0,4,3,2,1,2,1,0,0,28,14,42,3,4,7.14285714285714,9.52380952380952,33.3333333333333,66.6666666666667
"329","59","5",10,5,5,3,5,3,2,2,5,3,3,1,3,1,2,0,37,19,56,10,6,17.8571428571429,10.7142857142857,33.9285714285714,66.0714285714286
"330","59","6",11,3,6,0,6,3,0,0,4,3,3,0,0,0,0,0,32,10,42,11,6,26.1904761904762,14.2857142857143,23.8095238095238,76.1904761904762
"331","6","1",14,8,11,12,11,12,11,8,8,15,12,7,12,7,7,12,87,83,170,26,24,15.2941176470588,14.1176470588235,48.8235294117647,51.1764705882353
"332","6","2",3,5,6,4,7,10,3,11,5,5,10,10,3,10,11,21,50,77,127,24,20,18.8976377952756,15.748031496063,60.6299212598425,39.3700787401575
"333","6","3",4,6,5,9,7,10,10,5,6,9,12,6,8,7,5,6,58,60,118,10,22,8.47457627118644,18.6440677966102,50.8474576271186,49.1525423728814
"334","6","4",2,4,6,6,7,7,1,9,4,8,8,5,5,5,9,22,43,68,111,24,15,21.6216216216216,13.5135135135135,61.2612612612613,38.7387387387387
"335","6","5",2,2,1,2,0,5,3,3,2,0,4,4,2,3,3,4,19,24,43,6,9,13.953488372093,20.9302325581395,55.8139534883721,44.1860465116279
"336","6","6",0,0,1,0,0,3,1,8,0,1,2,9,1,8,8,28,13,60,73,28,5,38.3561643835616,6.84931506849315,82.1917808219178,17.8082191780822
"337","60","1",22,12,12,6,13,9,8,3,13,5,10,5,5,6,3,1,88,48,136,23,19,16.9117647058824,13.9705882352941,35.2941176470588,64.7058823529412
"338","60","2",29,8,7,4,4,4,3,3,8,3,2,2,6,0,3,2,64,27,91,31,6,34.0659340659341,6.59340659340659,29.6703296703297,70.3296703296703
"339","60","3",14,7,8,7,7,5,10,1,7,8,4,4,8,3,1,0,61,36,97,14,9,14.4329896907216,9.27835051546392,37.1134020618557,62.8865979381443
"340","60","4",22,12,11,6,13,11,7,1,12,6,13,2,5,4,2,1,85,46,131,23,24,17.5572519083969,18.3206106870229,35.1145038167939,64.8854961832061
"341","60","5",20,11,11,4,10,5,6,3,11,3,4,5,4,5,3,0,71,37,108,20,9,18.5185185185185,8.33333333333333,34.2592592592593,65.7407407407407
"342","60","6",19,6,6,2,7,7,1,1,6,3,8,0,2,0,1,1,51,22,73,20,15,27.3972602739726,20.5479452054795,30.1369863013699,69.8630136986301
"343","61","1",1,1,0,5,2,1,1,4,1,3,4,0,2,3,4,14,17,32,49,15,5,30.6122448979592,10.2040816326531,65.3061224489796,34.6938775510204
"344","61","2",2,1,3,2,2,12,5,1,1,4,11,3,4,2,1,2,30,29,59,4,23,6.77966101694915,38.9830508474576,49.1525423728814,50.8474576271186
"345","61","3",2,4,6,1,4,6,4,5,4,3,4,8,3,5,5,6,33,40,73,8,10,10.958904109589,13.6986301369863,54.7945205479452,45.2054794520548
"346","61","4",0,0,1,0,1,9,2,3,0,1,9,5,0,4,3,12,17,36,53,12,18,22.6415094339623,33.9622641509434,67.9245283018868,32.0754716981132
"347","61","5",0,1,0,1,0,0,2,3,1,0,0,4,1,4,3,15,7,31,38,15,0,39.4736842105263,0,81.5789473684211,18.4210526315789
"348","61","6",0,0,2,0,1,2,1,3,0,2,1,4,2,3,4,11,11,28,39,11,3,28.2051282051282,7.69230769230769,71.7948717948718,28.2051282051282
"349","62","1",6,4,8,7,10,18,7,15,4,11,19,16,5,17,15,32,76,121,197,38,37,19.2893401015228,18.7817258883249,61.4213197969543,38.5786802030457
"350","62","2",10,13,10,11,9,11,9,9,13,8,10,6,13,5,9,6,84,71,155,16,21,10.3225806451613,13.5483870967742,45.8064516129032,54.1935483870968
"351","62","3",4,8,11,6,8,11,6,10,8,9,8,10,9,7,10,32,66,94,160,36,19,22.5,11.875,58.75,41.25
"352","62","4",6,8,9,5,8,8,11,8,8,6,8,14,5,14,8,9,65,73,138,15,16,10.8695652173913,11.5942028985507,52.8985507246377,47.1014492753623
"353","62","5",17,6,5,7,5,8,7,3,6,7,8,2,8,2,3,1,60,38,98,18,16,18.3673469387755,16.3265306122449,38.7755102040816,61.2244897959184
"354","62","6",9,7,10,5,9,8,5,3,8,8,7,3,7,2,3,1,59,39,98,10,15,10.2040816326531,15.3061224489796,39.7959183673469,60.2040816326531
"355","63","1",0,1,0,4,2,7,2,24,1,3,9,22,2,25,25,82,41,171,212,82,16,38.6792452830189,7.54716981132075,80.6603773584906,19.3396226415094
"356","63","2",0,0,4,5,6,35,4,11,0,9,38,9,3,12,11,23,67,106,173,23,73,13.2947976878613,42.1965317919075,61.271676300578,38.728323699422
"357","63","3",0,1,3,4,2,9,2,11,1,6,8,9,5,7,11,116,33,165,198,116,17,58.5858585858586,8.58585858585859,83.3333333333333,16.6666666666667
"358","63","4",0,1,0,4,1,12,5,7,1,3,13,8,2,9,6,92,30,137,167,92,25,55.0898203592814,14.9700598802395,82.0359281437126,17.9640718562874
"359","63","5",0,0,0,1,1,6,0,5,0,1,7,4,0,5,5,120,13,145,158,120,13,75.9493670886076,8.22784810126582,91.7721518987342,8.22784810126582
"360","63","6",0,0,1,1,0,3,0,9,0,2,2,8,2,7,9,121,14,154,168,121,5,72.0238095238095,2.97619047619048,91.6666666666667,8.33333333333333
"361","64","1",8,8,8,8,6,9,7,7,9,8,7,6,10,4,7,3,64,54,118,11,16,9.32203389830508,13.5593220338983,45.7627118644068,54.2372881355932
"362","64","2",9,7,10,5,6,10,6,4,7,8,6,5,8,2,4,5,58,47,105,14,16,13.3333333333333,15.2380952380952,44.7619047619048,55.2380952380952
"363","64","3",0,1,2,0,0,4,1,1,0,1,2,2,1,0,1,0,10,9,19,0,6,0,31.5789473684211,47.3684210526316,52.6315789473684
"364","64","4",0,0,1,0,1,1,0,1,0,1,0,1,0,0,0,0,4,5,9,0,1,0,11.1111111111111,55.5555555555556,44.4444444444444
"365","64","5",0,0,0,1,0,1,1,0,0,1,1,0,0,1,0,0,4,5,9,0,2,0,22.2222222222222,55.5555555555556,44.4444444444444
"366","64","6",0,1,0,2,0,2,0,3,1,1,1,1,2,0,2,5,8,16,24,5,3,20.8333333333333,12.5,66.6666666666667,33.3333333333333
"367","65","1",2,4,3,9,7,9,9,14,4,8,13,14,6,18,14,55,59,133,192,57,22,29.6875,11.4583333333333,69.2708333333333,30.7291666666667
"368","65","2",0,2,4,12,4,16,13,15,2,13,16,16,11,16,14,27,66,118,184,27,32,14.6739130434783,17.3913043478261,64.1304347826087,35.8695652173913
"369","65","3",0,3,5,6,4,9,6,17,3,8,8,17,7,16,17,57,50,136,186,57,17,30.6451612903226,9.13978494623656,73.1182795698925,26.8817204301075
"370","65","4",0,0,0,1,0,4,0,11,0,1,5,10,1,11,12,41,18,82,100,41,9,41,9,82,18
"371","65","5",0,0,0,2,0,10,3,7,0,2,10,9,2,9,8,51,23,93,116,51,20,43.9655172413793,17.2413793103448,80.1724137931034,19.8275862068966
"372","65","6",2,2,1,5,1,0,2,10,2,3,0,7,4,7,9,69,23,104,127,71,0,55.9055118110236,0,81.8897637795276,18.1102362204724
"373","66","1",4,5,5,2,4,12,3,2,5,2,10,3,3,2,2,2,38,31,69,6,22,8.69565217391304,31.8840579710145,44.9275362318841,55.0724637681159
"374","66","2",0,1,3,5,0,6,5,6,1,7,3,6,8,3,6,8,26,45,71,8,9,11.2676056338028,12.6760563380282,63.3802816901408,36.6197183098592
"375","66","3",0,1,2,2,1,1,4,2,1,2,0,4,2,4,2,2,14,19,33,2,1,6.06060606060606,3.03030303030303,57.5757575757576,42.4242424242424
"376","66","4",0,1,2,2,1,3,3,3,1,3,2,4,3,3,3,1,17,21,38,1,5,2.63157894736842,13.1578947368421,55.2631578947368,44.7368421052632
"377","66","5",0,0,0,0,0,1,0,5,0,0,2,5,0,6,6,8,8,28,36,8,3,22.2222222222222,8.33333333333333,77.7777777777778,22.2222222222222
"378","66","6",0,0,0,0,0,0,0,1,0,0,0,1,0,2,2,20,2,27,29,20,0,68.9655172413793,0,93.1034482758621,6.89655172413793
"379","67","1",9,5,5,7,9,21,19,5,5,7,25,18,3,22,5,3,81,90,171,12,46,7.01754385964912,26.9005847953216,52.6315789473684,47.3684210526316
"380","67","2",1,1,3,3,5,16,15,11,1,6,18,22,2,24,11,15,57,100,157,16,34,10.1910828025478,21.656050955414,63.6942675159236,36.3057324840764
"381","67","3",0,1,5,3,0,24,14,12,1,7,20,22,8,18,12,15,61,104,165,15,44,9.09090909090909,26.6666666666667,63.030303030303,36.969696969697
"382","67","4",3,2,5,10,9,20,18,8,2,13,23,16,6,20,8,11,76,101,177,14,43,7.90960451977401,24.2937853107345,57.0621468926554,42.9378531073446
"383","67","5",0,1,5,7,7,22,10,12,1,11,23,15,5,16,12,17,65,102,167,17,45,10.1796407185629,26.9461077844311,61.0778443113772,38.9221556886228
"384","67","6",3,5,7,9,8,23,12,11,5,11,24,13,8,14,11,12,79,100,179,15,47,8.37988826815642,26.2569832402235,55.8659217877095,44.1340782122905
"385","68","1",7,3,6,3,5,30,9,1,3,6,30,7,3,7,1,1,66,59,125,8,60,6.4,48,47.2,52.8
"386","68","2",0,1,7,0,5,43,9,1,1,6,41,10,2,8,1,1,67,72,139,1,84,0.719424460431655,60.431654676259,51.7985611510791,48.2014388489209
"387","68","3",4,2,4,1,3,41,13,3,2,3,40,15,2,14,3,1,72,82,154,5,81,3.24675324675325,52.5974025974026,53.2467532467532,46.7532467532468
"388","68","4",2,2,5,4,5,32,18,4,2,7,32,18,4,18,4,0,73,87,160,2,64,1.25,40,54.375,45.625
"389","68","5",2,2,4,2,5,59,6,2,2,4,59,6,1,7,2,0,83,83,166,2,118,1.20481927710843,71.0843373493976,50,50
"390","68","6",1,4,17,2,16,49,3,1,4,15,48,2,3,1,1,0,95,75,170,1,97,0.588235294117647,57.0588235294118,44.1176470588235,55.8823529411765
"391","69","1",2,4,3,3,3,67,7,4,3,2,67,8,2,9,4,4,94,101,195,6,134,3.07692307692308,68.7179487179487,51.7948717948718,48.2051282051282
"392","69","2",0,0,6,1,4,107,8,0,0,7,104,7,3,5,0,0,127,128,255,0,211,0,82.7450980392157,50.1960784313725,49.8039215686275
"393","69","3",0,0,1,2,2,90,5,3,0,3,91,6,1,7,3,1,105,113,218,1,181,0.458715596330275,83.0275229357798,51.8348623853211,48.1651376146789
"394","69","4",1,1,1,1,2,96,4,0,1,1,98,3,0,4,0,0,108,108,216,1,194,0.462962962962963,89.8148148148148,50,50
"395","69","5",2,2,3,2,5,81,2,2,2,4,83,2,1,3,2,3,101,101,202,5,164,2.47524752475248,81.1881188118812,50,50
"396","69","6",0,0,2,0,1,62,3,1,0,2,60,4,1,3,1,2,70,75,145,2,122,1.37931034482759,84.1379310344828,51.7241379310345,48.2758620689655
"397","7","1",6,7,8,7,5,5,8,15,8,8,2,16,11,13,16,46,64,120,184,52,7,28.2608695652174,3.80434782608696,65.2173913043478,34.7826086956522
"398","7","2",52,21,19,9,20,10,9,3,22,7,11,2,9,3,3,0,146,57,203,52,21,25.615763546798,10.3448275862069,28.0788177339901,71.9211822660099
"399","7","3",79,18,19,5,19,2,4,2,19,6,2,1,5,1,2,1,151,37,188,80,4,42.5531914893617,2.12765957446809,19.6808510638298,80.3191489361702
"400","7","4",80,14,14,5,14,5,5,2,14,5,5,2,6,2,2,1,141,38,179,81,10,45.2513966480447,5.58659217877095,21.2290502793296,78.7709497206704
"401","7","5",39,11,9,8,11,3,6,4,11,6,5,2,6,4,4,3,94,41,135,42,8,31.1111111111111,5.92592592592593,30.3703703703704,69.6296296296296
"402","7","6",11,9,7,7,5,7,10,4,9,5,5,7,9,5,4,4,62,49,111,15,12,13.5135135135135,10.8108108108108,44.1441441441441,55.8558558558559
"403","70","1",22,11,7,7,7,19,9,2,11,4,18,4,8,3,2,1,86,52,138,23,37,16.6666666666667,26.8115942028986,37.6811594202899,62.3188405797101
"404","70","2",4,5,7,4,6,8,5,6,5,6,7,7,5,6,6,5,47,48,95,9,15,9.47368421052632,15.7894736842105,50.5263157894737,49.4736842105263
"405","70","3",14,8,8,6,9,4,5,5,8,6,5,4,6,4,5,6,61,45,106,20,9,18.8679245283019,8.49056603773585,42.4528301886792,57.5471698113208
"406","70","4",14,4,3,3,6,4,3,1,5,2,6,1,1,3,1,0,41,19,60,14,10,23.3333333333333,16.6666666666667,31.6666666666667,68.3333333333333
"407","70","5",6,3,5,1,4,7,3,0,2,3,6,3,1,2,0,0,30,19,49,6,13,12.2448979591837,26.530612244898,38.7755102040816,61.2244897959184
"408","70","6",7,3,4,2,2,4,3,4,3,3,2,5,4,3,4,10,31,35,66,17,6,25.7575757575758,9.09090909090909,53.030303030303,46.969696969697
"409","71","1",7,6,8,3,9,16,2,6,6,5,17,5,2,5,5,8,57,56,113,15,33,13.2743362831858,29.2035398230088,49.5575221238938,50.4424778761062
"410","71","2",28,10,11,1,11,16,1,2,10,3,16,2,1,2,2,6,82,43,125,34,32,27.2,25.6,34.4,65.6
"411","71","3",23,16,8,9,9,2,7,2,15,1,3,0,7,2,2,1,77,33,110,24,5,21.8181818181818,4.54545454545455,30,70
"412","71","4",5,7,7,3,6,10,6,7,7,3,9,10,4,9,7,1,52,52,104,6,19,5.76923076923077,18.2692307692308,50,50
"413","71","5",4,3,2,1,1,8,1,3,4,0,7,3,3,1,3,5,26,26,52,9,15,17.3076923076923,28.8461538461538,50,50
"414","71","6",1,1,3,3,6,12,4,0,1,6,14,1,1,3,0,0,32,27,59,1,26,1.69491525423729,44.0677966101695,45.7627118644068,54.2372881355932
"415","72","1",7,7,8,3,6,88,5,3,6,4,86,5,4,4,3,10,128,124,252,17,174,6.74603174603175,69.0476190476191,49.2063492063492,50.7936507936508
"416","72","2",1,2,6,2,3,87,5,3,2,6,83,6,5,2,2,7,109,116,225,8,170,3.55555555555556,75.5555555555556,51.5555555555556,48.4444444444444
"417","72","3",0,2,3,3,4,2,2,1,2,4,4,0,1,2,1,0,19,15,34,0,6,0,17.6470588235294,44.1176470588235,55.8823529411765
"418","72","4",3,3,2,2,2,1,2,0,3,1,1,0,2,0,0,0,17,8,25,3,2,12,8,32,68
"419","72","5",1,1,1,0,1,0,0,0,1,0,1,0,0,1,0,0,6,4,10,1,1,10,10,40,60
"420","72","6",1,0,0,0,0,2,2,0,1,0,1,2,1,1,0,0,8,6,14,1,3,7.14285714285714,21.4285714285714,42.8571428571429,57.1428571428571
"421","73","1",2,4,9,5,8,11,6,5,4,9,10,6,6,5,5,11,52,57,109,13,21,11.9266055045872,19.2660550458716,52.2935779816514,47.7064220183486
"422","73","2",8,5,7,5,6,16,7,1,5,7,15,3,6,2,1,1,56,42,98,9,31,9.18367346938776,31.6326530612245,42.8571428571429,57.1428571428571
"423","73","3",6,4,6,8,8,16,9,7,4,10,17,8,6,10,7,2,65,66,131,8,33,6.10687022900763,25.1908396946565,50.381679389313,49.618320610687
"424","73","4",8,5,7,4,9,9,4,0,5,6,10,1,2,2,0,0,47,28,75,8,19,10.6666666666667,25.3333333333333,37.3333333333333,62.6666666666667
"425","73","5",8,6,6,2,6,7,2,2,5,2,7,2,2,2,2,2,41,25,66,10,14,15.1515151515152,21.2121212121212,37.8787878787879,62.1212121212121
"426","73","6",1,2,7,1,6,7,2,0,3,6,6,1,2,0,0,0,29,18,47,1,13,2.12765957446809,27.6595744680851,38.2978723404255,61.7021276595745
"427","74","1",9,9,12,8,7,18,11,14,9,11,13,17,13,12,14,17,89,108,197,26,31,13.1979695431472,15.7360406091371,54.8223350253807,45.1776649746193
"428","74","2",14,6,9,6,7,5,10,6,6,9,3,9,8,8,6,12,64,63,127,26,8,20.4724409448819,6.2992125984252,49.6062992125984,50.3937007874016
"429","74","3",3,6,5,9,8,13,11,8,6,8,16,10,6,13,8,4,65,72,137,7,29,5.10948905109489,21.1678832116788,52.5547445255474,47.4452554744526
"430","74","4",21,12,4,10,11,5,6,9,12,2,11,5,4,11,9,7,80,62,142,28,16,19.7183098591549,11.2676056338028,43.6619718309859,56.3380281690141
"431","74","5",5,7,7,5,6,14,7,3,7,4,13,5,6,4,3,1,56,44,100,6,27,6,27,44,56
"432","74","6",2,4,7,3,5,6,4,3,3,7,4,4,5,2,3,1,36,30,66,3,10,4.54545454545455,15.1515151515152,45.4545454545455,54.5454545454545
"433","75","1",8,7,8,6,9,6,8,2,6,7,8,4,4,6,2,1,56,39,95,9,14,9.47368421052632,14.7368421052632,41.0526315789474,58.9473684210526
"434","75","2",8,7,9,11,8,4,9,6,7,13,2,4,12,2,6,3,63,51,114,11,6,9.64912280701754,5.26315789473684,44.7368421052632,55.2631578947368
"435","75","3",14,14,16,2,13,11,2,3,14,4,8,4,5,1,3,1,76,42,118,15,19,12.7118644067797,16.1016949152542,35.5932203389831,64.406779661017
"436","75","4",5,6,4,4,4,6,4,6,6,2,6,6,4,6,6,7,41,44,85,12,12,14.1176470588235,14.1176470588235,51.7647058823529,48.2352941176471
"437","75","5",5,7,5,9,3,5,2,10,7,6,4,3,10,2,10,11,48,54,102,16,9,15.6862745098039,8.82352941176471,52.9411764705882,47.0588235294118
"438","75","6",1,3,2,9,3,5,12,3,3,8,6,6,8,7,3,1,39,44,83,2,11,2.40963855421687,13.2530120481928,53.0120481927711,46.9879518072289
"439","76","1",11,14,16,10,9,12,11,13,13,12,5,15,16,8,13,12,97,96,193,23,17,11.9170984455959,8.80829015544041,49.740932642487,50.259067357513
"440","76","2",7,11,19,6,15,19,7,9,10,14,15,11,9,7,9,3,94,80,174,10,34,5.74712643678161,19.5402298850575,45.9770114942529,54.0229885057471
"441","76","3",8,8,10,4,9,12,11,5,8,7,11,11,6,10,5,8,69,67,136,16,23,11.7647058823529,16.9117647058824,49.2647058823529,50.7352941176471
"442","76","4",4,4,6,7,4,8,11,8,4,9,6,12,9,10,9,6,53,67,120,10,14,8.33333333333333,11.6666666666667,55.8333333333333,44.1666666666667
"443","76","5",4,10,7,8,8,15,6,6,10,5,16,4,7,5,6,8,65,63,128,12,31,9.375,24.21875,49.21875,50.78125
"444","76","6",8,4,6,3,4,16,4,9,4,5,14,10,5,8,9,13,55,70,125,21,30,16.8,24,56,44
"445","77","1",3,6,5,5,1,8,8,11,6,4,4,13,9,10,11,30,48,89,137,33,12,24.0875912408759,8.75912408759124,64.963503649635,35.036496350365
"446","77","2",0,1,0,8,4,1,9,11,1,7,5,12,5,16,12,46,36,105,141,46,6,32.6241134751773,4.25531914893617,74.468085106383,25.531914893617
"447","77","3",0,1,2,0,1,2,1,9,1,1,1,10,1,9,8,60,16,94,110,60,3,54.5454545454545,2.72727272727273,85.4545454545455,14.5454545454545
"448","77","4",0,0,0,1,0,1,1,8,0,1,1,8,1,8,8,53,11,83,94,53,2,56.3829787234043,2.12765957446809,88.2978723404255,11.7021276595745
"449","77","5",0,0,0,0,0,0,0,0,0,0,0,1,0,1,1,53,1,58,59,53,0,89.8305084745763,0,98.3050847457627,1.69491525423729
"450","77","6",0,0,0,1,0,0,0,2,0,1,0,1,1,1,2,48,3,57,60,48,0,80,0,95,5
"451","78","1",15,14,8,11,9,15,10,10,14,5,17,9,10,11,10,8,94,85,179,23,32,12.8491620111732,17.877094972067,47.4860335195531,52.5139664804469
"452","78","2",1,1,1,1,2,36,10,0,1,1,38,9,0,10,0,0,54,60,114,1,74,0.87719298245614,64.9122807017544,52.6315789473684,47.3684210526316
"453","78","3",2,2,2,2,3,47,9,2,2,2,47,10,1,10,2,2,70,78,148,4,94,2.7027027027027,63.5135135135135,52.7027027027027,47.2972972972973
"454","78","4",1,1,3,1,1,36,9,3,1,3,34,11,2,10,3,2,56,68,124,3,70,2.41935483870968,56.4516129032258,54.8387096774194,45.1612903225806
"455","78","5",0,1,2,0,1,44,9,1,1,1,42,10,1,9,1,0,59,67,126,0,86,0,68.2539682539683,53.1746031746032,46.8253968253968
"456","78","6",4,2,2,2,0,5,3,8,3,2,2,9,5,6,8,9,29,44,73,13,7,17.8082191780822,9.58904109589041,60.2739726027397,39.7260273972603
"457","79","1",5,5,2,7,4,7,6,17,5,3,9,16,4,18,16,52,53,126,179,57,16,31.8435754189944,8.93854748603352,70.391061452514,29.608938547486
"458","79","2",2,2,11,4,10,50,3,9,2,13,50,8,5,7,9,16,93,111,204,18,100,8.82352941176471,49.0196078431373,54.4117647058824,45.5882352941176
"459","79","3",0,5,15,4,16,17,5,6,5,14,18,8,3,8,6,3,69,67,136,3,35,2.20588235294118,25.7352941176471,49.2647058823529,50.7352941176471
"460","79","4",1,3,17,1,16,23,1,4,3,15,21,4,2,3,4,3,67,57,124,4,44,3.2258064516129,35.4838709677419,45.9677419354839,54.0322580645161
"461","79","5",1,3,6,6,5,11,10,13,3,9,10,17,8,16,13,28,57,105,162,29,21,17.9012345679012,12.962962962963,64.8148148148148,35.1851851851852
"462","79","6",0,3,3,4,2,5,6,11,3,4,4,13,5,11,11,58,35,111,146,58,9,39.7260273972603,6.16438356164384,76.027397260274,23.972602739726
"463","8","1",44,2,2,0,3,2,0,0,3,0,2,0,0,0,0,0,56,5,61,44,4,72.1311475409836,6.55737704918033,8.19672131147541,91.8032786885246
"464","8","2",51,3,3,0,3,0,0,0,3,0,0,0,0,0,0,0,63,3,66,51,0,77.2727272727273,0,4.54545454545455,95.4545454545455
"465","8","3",55,3,3,0,3,2,0,0,3,0,2,0,0,0,0,0,69,5,74,55,4,74.3243243243243,5.40540540540541,6.75675675675676,93.2432432432432
"466","8","4",40,7,9,0,9,1,0,0,7,2,1,0,0,0,0,0,69,10,79,40,2,50.6329113924051,2.53164556962025,12.6582278481013,87.3417721518987
"467","8","5",14,9,8,1,9,1,1,0,8,1,2,0,0,1,0,0,45,13,58,14,3,24.1379310344828,5.17241379310345,22.4137931034483,77.5862068965517
"468","8","6",36,5,5,0,5,2,1,0,5,1,1,1,1,0,0,0,56,10,66,36,3,54.5454545454545,4.54545454545455,15.1515151515152,84.8484848484848
"469","80","1",9,8,7,5,6,14,4,11,8,5,13,10,7,8,11,21,66,84,150,30,27,20,18,56,44
"470","80","2",1,6,3,15,5,3,12,14,6,12,5,11,12,13,13,26,59,101,160,27,8,16.875,5,63.125,36.875
"471","80","3",1,4,4,7,2,7,7,16,4,7,5,16,9,15,17,25,49,100,149,26,12,17.4496644295302,8.05369127516779,67.1140939597315,32.8859060402685
"472","80","4",1,2,1,7,2,5,3,13,2,6,6,9,6,9,13,33,35,86,121,34,11,28.099173553719,9.09090909090909,71.0743801652893,28.9256198347107
"473","80","5",0,1,0,3,0,2,2,11,1,2,2,11,3,11,12,51,20,95,115,51,4,44.3478260869565,3.47826086956522,82.6086956521739,17.3913043478261
"474","80","6",0,0,1,5,3,2,4,11,0,6,4,10,3,12,10,19,26,67,93,19,6,20.4301075268817,6.45161290322581,72.0430107526882,27.9569892473118
"475","81","1",74,17,14,5,15,3,3,2,18,2,3,0,5,0,2,0,136,30,166,74,6,44.578313253012,3.6144578313253,18.0722891566265,81.9277108433735
"476","81","2",74,16,11,6,11,4,5,2,15,2,4,1,6,1,2,1,131,33,164,75,8,45.7317073170732,4.8780487804878,20.1219512195122,79.8780487804878
"477","81","3",43,19,16,5,15,7,5,1,18,2,6,1,5,0,1,2,112,37,149,45,13,30.2013422818792,8.7248322147651,24.8322147651007,75.1677852348993
"478","81","4",65,15,13,5,13,1,5,0,15,3,1,0,5,0,0,0,120,24,144,65,2,45.1388888888889,1.38888888888889,16.6666666666667,83.3333333333333
"479","81","5",59,12,11,3,12,1,1,2,13,2,2,0,2,1,2,1,104,23,127,60,3,47.244094488189,2.36220472440945,18.1102362204724,81.8897637795276
"480","81","6",63,9,9,3,7,4,5,0,9,3,2,2,5,0,0,0,103,21,124,63,6,50.8064516129032,4.83870967741935,16.9354838709677,83.0645161290323
"481","82","1",1,2,4,1,2,4,3,0,2,3,2,2,2,0,0,0,18,13,31,1,6,3.2258064516129,19.3548387096774,41.9354838709677,58.0645161290323
"482","82","2",0,0,1,0,1,2,1,3,0,1,2,3,1,3,3,0,10,14,24,0,4,0,16.6666666666667,58.3333333333333,41.6666666666667
"483","82","3",2,4,1,4,3,5,2,8,4,2,7,6,3,8,8,36,31,75,106,38,12,35.8490566037736,11.3207547169811,70.7547169811321,29.2452830188679
"484","82","4",0,0,1,2,0,1,0,5,0,3,0,3,3,2,5,19,9,38,47,19,1,40.4255319148936,2.12765957446809,80.8510638297872,19.1489361702128
"485","82","5",0,0,0,1,1,1,0,3,0,1,2,2,0,2,2,14,6,26,32,14,3,43.75,9.375,81.25,18.75
"486","82","6",0,0,0,0,0,0,0,3,0,0,0,2,0,2,2,6,3,15,18,6,0,33.3333333333333,0,83.3333333333333,16.6666666666667
"487","83","1",13,9,12,5,14,16,7,3,9,8,18,5,3,7,3,0,81,54,135,13,34,9.62962962962963,25.1851851851852,40,60
"488","83","2",13,8,19,1,20,23,1,0,8,12,24,0,0,1,0,0,87,46,133,13,47,9.77443609022556,35.3383458646617,34.5864661654135,65.4135338345865
"489","83","3",2,2,11,0,11,67,0,0,2,9,67,0,0,0,0,0,95,79,174,2,134,1.14942528735632,77.0114942528736,45.4022988505747,54.5977011494253
"490","83","4",10,5,6,4,7,54,5,2,5,5,55,3,3,4,2,1,94,80,174,11,109,6.32183908045977,62.6436781609195,45.9770114942529,54.0229885057471
"491","83","5",10,6,6,2,6,42,3,4,6,3,41,5,3,4,4,2,81,69,150,12,83,8,55.3333333333333,46,54
"492","83","6",35,8,9,2,9,23,3,3,8,3,23,4,2,3,3,3,93,51,144,38,46,26.3888888888889,31.9444444444444,35.4166666666667,64.5833333333333
"493","84","1",9,9,9,4,7,10,3,7,10,4,8,6,6,4,7,10,61,55,116,19,18,16.3793103448276,15.5172413793103,47.4137931034483,52.5862068965517
"494","84","2",0,3,3,9,4,8,5,11,2,9,9,7,7,8,10,38,43,93,136,38,17,27.9411764705882,12.5,68.3823529411765,31.6176470588235
"495","84","3",2,5,2,3,2,12,3,10,5,0,12,10,3,11,11,19,40,73,113,21,24,18.5840707964602,21.2389380530973,64.6017699115044,35.3982300884956
"496","84","4",0,4,5,4,6,14,4,11,4,5,15,11,3,12,12,7,49,71,120,7,29,5.83333333333333,24.1666666666667,59.1666666666667,40.8333333333333
"497","84","5",5,4,4,5,7,5,4,7,4,5,8,7,2,9,7,6,42,50,92,11,13,11.9565217391304,14.1304347826087,54.3478260869565,45.6521739130435
"498","84","6",10,7,12,4,11,10,7,1,7,8,9,4,4,3,1,1,63,39,102,11,19,10.7843137254902,18.6274509803922,38.2352941176471,61.7647058823529
"499","9","1",13,11,9,8,7,16,9,9,10,6,14,10,9,9,9,9,83,78,161,22,30,13.6645962732919,18.6335403726708,48.4472049689441,51.5527950310559
"500","9","2",0,5,2,9,4,2,4,13,5,6,4,7,7,9,12,22,39,75,114,22,6,19.2982456140351,5.26315789473684,65.7894736842105,34.2105263157895
"501","9","3",1,2,6,4,5,9,5,5,2,8,9,6,5,6,5,14,39,56,95,15,18,15.7894736842105,18.9473684210526,58.9473684210526,41.0526315789474
"502","9","4",12,5,3,5,3,11,6,5,4,3,11,6,4,6,5,5,51,46,97,17,22,17.5257731958763,22.680412371134,47.4226804123711,52.5773195876289
"503","9","5",2,3,4,4,4,5,3,7,3,5,5,6,4,6,7,7,32,46,78,9,10,11.5384615384615,12.8205128205128,58.974358974359,41.025641025641
"504","9","6",0,2,2,2,4,2,2,1,2,2,4,2,0,4,1,0,16,17,33,0,6,0,18.1818181818182,51.5151515151515,48.4848484848485
